taille tableau;insertion croissante;insertion decroissante;tas croissant;tas decroissant;bulle croissant;bulle decroissant;selection croissant;selection decroissant;
100;0.000000;0.000000;0.000000;0.000000;0.000000;0.000000;0.000000;0.000000;
1000;0.000667;0.001000;0.000000;0.000333;0.002000;0.002000;0.001000;0.000667;
10000;0.095667;0.089667;0.002000;0.002000;0.254000;0.189333;0.102333;0.101000;

Temps total d'execution :; 2.53100000000000010000